<?xml version="1.0" encoding="UTF-8"?>
<export version="D">
  <design>
    <source>D:\Personnel\Hiver 2021\projet personnel\Kikad_project\Thermometre_IR\Thermometre_IR.sch</source>
    <date>2021-06-07 19:18:04</date>
    <tool>Eeschema (5.1.10)-1</tool>
    <sheet number="1" name="/" tstamps="/">
      <title_block>
        <title/>
        <company/>
        <rev/>
        <date/>
        <source>Thermometre_IR.sch</source>
        <comment number="1" value=""/>
        <comment number="2" value=""/>
        <comment number="3" value=""/>
        <comment number="4" value=""/>
      </title_block>
    </sheet>
    <sheet number="2" name="/Gestion_batterie_lipo/" tstamps="/600FF70D/">
      <title_block>
        <title/>
        <company/>
        <rev/>
        <date/>
        <source>gestion_batterie.sch</source>
        <comment number="1" value=""/>
        <comment number="2" value=""/>
        <comment number="3" value=""/>
        <comment number="4" value=""/>
      </title_block>
    </sheet>
  </design>
  <components>
    <comp ref="J4">
      <value>Conn_01x06_Female</value>
      <footprint>Connector_JST:PinHeader_1x06_P2.54mm_Verticaldesaligne</footprint>
      <datasheet>~</datasheet>
      <libsource lib="Connector" part="Conn_01x06_Female" description="Generic connector, single row, 01x06, script generated (kicad-library-utils/schlib/autogen/connector/)"/>
      <sheetpath names="/" tstamps="/"/>
      <tstamp>600C8B4F</tstamp>
    </comp>
    <comp ref="U1">
      <value>ATmega328P-AU</value>
      <footprint>Package_QFP:TQFP-32_7x7mm_P0.8mm</footprint>
      <datasheet>http://ww1.microchip.com/downloads/en/DeviceDoc/ATmega328_P%20AVR%20MCU%20with%20picoPower%20Technology%20Data%20Sheet%2040001984A.pdf</datasheet>
      <libsource lib="MCU_Microchip_ATmega" part="ATmega328P-AU" description="20MHz, 32kB Flash, 2kB SRAM, 1kB EEPROM, TQFP-32"/>
      <sheetpath names="/" tstamps="/"/>
      <tstamp>600D6BAD</tstamp>
    </comp>
    <comp ref="8MHz1">
      <value>Crystal</value>
      <footprint>Crystals:Crystal_SMD_HC49-SD</footprint>
      <datasheet>~</datasheet>
      <libsource lib="Device" part="Crystal" description="Two pin crystal"/>
      <sheetpath names="/" tstamps="/"/>
      <tstamp>600E2852</tstamp>
    </comp>
    <comp ref="C1">
      <value>22p</value>
      <footprint>Capacitor_SMD:C_0805_2012Metric</footprint>
      <datasheet>~</datasheet>
      <libsource lib="Device" part="C" description="Unpolarized capacitor"/>
      <sheetpath names="/" tstamps="/"/>
      <tstamp>600E9FA6</tstamp>
    </comp>
    <comp ref="C2">
      <value>22p</value>
      <footprint>Capacitor_SMD:C_0805_2012Metric</footprint>
      <datasheet>~</datasheet>
      <libsource lib="Device" part="C" description="Unpolarized capacitor"/>
      <sheetpath names="/" tstamps="/"/>
      <tstamp>600EA8B3</tstamp>
    </comp>
    <comp ref="R1">
      <value>10k</value>
      <footprint>Capacitor_SMD:C_0805_2012Metric</footprint>
      <datasheet>~</datasheet>
      <libsource lib="Device" part="R" description="Resistor"/>
      <sheetpath names="/" tstamps="/"/>
      <tstamp>600ECC76</tstamp>
    </comp>
    <comp ref="J2">
      <value>header_oled</value>
      <footprint>Connector_PinSocket_2.54mm:PinSocket_1x04_P2.54mm_Vertical</footprint>
      <datasheet>~</datasheet>
      <libsource lib="Connector" part="Conn_01x04_Female" description="Generic connector, single row, 01x04, script generated (kicad-library-utils/schlib/autogen/connector/)"/>
      <sheetpath names="/" tstamps="/"/>
      <tstamp>60140CFA</tstamp>
    </comp>
    <comp ref="J1">
      <value>MLX90614</value>
      <footprint>MLX_90614:MLX_90614</footprint>
      <datasheet>~</datasheet>
      <libsource lib="Connector_Generic" part="Conn_02x02_Counter_Clockwise" description="Generic connector, double row, 02x02, counter clockwise pin numbering scheme (similar to DIP packge numbering), script generated (kicad-library-utils/schlib/autogen/connector/)"/>
      <sheetpath names="/" tstamps="/"/>
      <tstamp>601538DE</tstamp>
    </comp>
    <comp ref="J3">
      <value>Pin_del_laser</value>
      <footprint>Connector_PinSocket_2.54mm:PinSocket_1x02_P2.54mm_Vertical</footprint>
      <datasheet>~</datasheet>
      <libsource lib="Connector" part="Conn_01x02_Female" description="Generic connector, single row, 01x02, script generated (kicad-library-utils/schlib/autogen/connector/)"/>
      <sheetpath names="/" tstamps="/"/>
      <tstamp>6015F568</tstamp>
    </comp>
    <comp ref="SW1">
      <value>RESET</value>
      <footprint>Buttons_Switches_SMD:SW_SPST_PTS645</footprint>
      <datasheet>~</datasheet>
      <libsource lib="Switch" part="SW_Push" description="Push button switch, generic, two pins"/>
      <sheetpath names="/" tstamps="/"/>
      <tstamp>601D7E1B</tstamp>
    </comp>
    <comp ref="C5">
      <value>1u</value>
      <footprint>Capacitor_SMD:C_0805_2012Metric</footprint>
      <datasheet>~</datasheet>
      <libsource lib="Device" part="C" description="Unpolarized capacitor"/>
      <sheetpath names="/" tstamps="/"/>
      <tstamp>601E6DCF</tstamp>
    </comp>
    <comp ref="C3">
      <value>1u</value>
      <footprint>Capacitor_SMD:C_0805_2012Metric</footprint>
      <datasheet>~</datasheet>
      <libsource lib="Device" part="C" description="Unpolarized capacitor"/>
      <sheetpath names="/" tstamps="/"/>
      <tstamp>601EF53C</tstamp>
    </comp>
    <comp ref="C4">
      <value>4,7u</value>
      <footprint>Capacitor_SMD:C_0805_2012Metric</footprint>
      <datasheet>~</datasheet>
      <libsource lib="Device" part="CP" description="Polarized capacitor"/>
      <sheetpath names="/" tstamps="/"/>
      <tstamp>601F09BA</tstamp>
    </comp>
    <comp ref="C12">
      <value>1u</value>
      <footprint>Capacitor_SMD:C_0805_2012Metric</footprint>
      <datasheet>~</datasheet>
      <libsource lib="Device" part="C" description="Unpolarized capacitor"/>
      <sheetpath names="/" tstamps="/"/>
      <tstamp>6026D35F</tstamp>
    </comp>
    <comp ref="Q2">
      <value>NTR5103NT1GOSCT</value>
      <footprint>Package_TO_SOT_SMD:SOT-23</footprint>
      <datasheet>https://assets.nexperia.com/documents/data-sheet/BUK7M6R3-40E.pdf</datasheet>
      <libsource lib="Transistor_FET" part="BUK7M6R3-40EX" description="70A Id, 40V Vds, N-Channel TrenchMOS MOSFET, 6.3mOhm Ron, 28.1nC Qqd, -55 to 175 °C, LFPAK33"/>
      <sheetpath names="/" tstamps="/"/>
      <tstamp>60129C85</tstamp>
    </comp>
    <comp ref="R16">
      <value>4,7k</value>
      <footprint>Capacitor_SMD:C_0805_2012Metric</footprint>
      <datasheet>~</datasheet>
      <libsource lib="Device" part="R" description="Resistor"/>
      <sheetpath names="/" tstamps="/"/>
      <tstamp>601ACBD2</tstamp>
    </comp>
    <comp ref="R15">
      <value>4,7k</value>
      <footprint>Capacitor_SMD:C_0805_2012Metric</footprint>
      <datasheet>~</datasheet>
      <libsource lib="Device" part="R" description="Resistor"/>
      <sheetpath names="/" tstamps="/"/>
      <tstamp>601AFB2A</tstamp>
    </comp>
    <comp ref="J5">
      <value>Pin_del_laser</value>
      <footprint>Buzzer_Beeper:Buzzer</footprint>
      <datasheet>~</datasheet>
      <libsource lib="Connector" part="Conn_01x02_Female" description="Generic connector, single row, 01x02, script generated (kicad-library-utils/schlib/autogen/connector/)"/>
      <sheetpath names="/" tstamps="/"/>
      <tstamp>60C234B4</tstamp>
    </comp>
    <comp ref="U2">
      <value>TPS61090</value>
      <footprint>Package_DFN_QFN:Texas_S-PVQFN-N16_EP2.7x2.7mm_ThermalVias</footprint>
      <datasheet>http://www.ti.com/lit/ds/symlink/tps61090.pdf</datasheet>
      <libsource lib="Regulator_Switching" part="TPS61090" description="2A Step-Up DC-DC Converter for Batteries, Isw up to 2500mA, Adjustable output voltage, QFN-16"/>
      <sheetpath names="/Gestion_batterie_lipo/" tstamps="/600FF70D/"/>
      <tstamp>6010AF58</tstamp>
    </comp>
    <comp ref="R6">
      <value>1,87M</value>
      <footprint>Capacitor_SMD:C_0805_2012Metric</footprint>
      <datasheet>~</datasheet>
      <libsource lib="Device" part="R" description="Resistor"/>
      <sheetpath names="/Gestion_batterie_lipo/" tstamps="/600FF70D/"/>
      <tstamp>6010E4FD</tstamp>
    </comp>
    <comp ref="L1">
      <value>BWVS006060456R8M00</value>
      <footprint>Inductor_SMD:L_Taiyo-Yuden_MD-4040</footprint>
      <datasheet>~</datasheet>
      <libsource lib="pspice" part="INDUCTOR" description="Inductor symbol for simulation only"/>
      <sheetpath names="/Gestion_batterie_lipo/" tstamps="/600FF70D/"/>
      <tstamp>60110103</tstamp>
    </comp>
    <comp ref="C7">
      <value>0,1uF</value>
      <footprint>Capacitor_SMD:C_0805_2012Metric</footprint>
      <datasheet>~</datasheet>
      <libsource lib="Device" part="C" description="Unpolarized capacitor"/>
      <sheetpath names="/Gestion_batterie_lipo/" tstamps="/600FF70D/"/>
      <tstamp>60111C8A</tstamp>
    </comp>
    <comp ref="C10">
      <value>100uF</value>
      <footprint>Capacitor_THT:CP_Radial_D6.3mm_P2.50mm</footprint>
      <datasheet>~</datasheet>
      <libsource lib="Device" part="CP" description="Polarized capacitor"/>
      <sheetpath names="/Gestion_batterie_lipo/" tstamps="/600FF70D/"/>
      <tstamp>60112D11</tstamp>
    </comp>
    <comp ref="Q1">
      <value>DTA143Z</value>
      <footprint>Package_TO_SOT_SMD:SOT-523</footprint>
      <libsource lib="Transistor_BJT" part="DTA143Z" description="Digital PNP Transistor, 4k7/47k, SOT-23"/>
      <sheetpath names="/Gestion_batterie_lipo/" tstamps="/600FF70D/"/>
      <tstamp>601173FF</tstamp>
    </comp>
    <comp ref="R2">
      <value>1,87M</value>
      <footprint>Capacitor_SMD:C_0805_2012Metric</footprint>
      <datasheet>~</datasheet>
      <libsource lib="Device" part="R" description="Resistor"/>
      <sheetpath names="/Gestion_batterie_lipo/" tstamps="/600FF70D/"/>
      <tstamp>601185D4</tstamp>
    </comp>
    <comp ref="R3">
      <value>340k</value>
      <footprint>Capacitor_SMD:C_0805_2012Metric</footprint>
      <datasheet>~</datasheet>
      <libsource lib="Device" part="R" description="Resistor"/>
      <sheetpath names="/Gestion_batterie_lipo/" tstamps="/600FF70D/"/>
      <tstamp>60118CB0</tstamp>
    </comp>
    <comp ref="C6">
      <value>10uF</value>
      <footprint>Capacitor_SMD:C_0805_2012Metric</footprint>
      <datasheet>~</datasheet>
      <libsource lib="Device" part="C" description="Unpolarized capacitor"/>
      <sheetpath names="/Gestion_batterie_lipo/" tstamps="/600FF70D/"/>
      <tstamp>601194DA</tstamp>
    </comp>
    <comp ref="R7">
      <value>200k</value>
      <footprint>Capacitor_SMD:C_0805_2012Metric</footprint>
      <datasheet>~</datasheet>
      <libsource lib="Device" part="R" description="Resistor"/>
      <sheetpath names="/Gestion_batterie_lipo/" tstamps="/600FF70D/"/>
      <tstamp>6011FF20</tstamp>
    </comp>
    <comp ref="R10">
      <value>1k</value>
      <footprint>Capacitor_SMD:C_0805_2012Metric</footprint>
      <datasheet>~</datasheet>
      <libsource lib="Device" part="R" description="Resistor"/>
      <sheetpath names="/Gestion_batterie_lipo/" tstamps="/600FF70D/"/>
      <tstamp>60125375</tstamp>
    </comp>
    <comp ref="C9">
      <value>2,2uF</value>
      <footprint>Capacitor_SMD:C_0805_2012Metric</footprint>
      <datasheet>~</datasheet>
      <libsource lib="Device" part="C" description="Unpolarized capacitor"/>
      <sheetpath names="/Gestion_batterie_lipo/" tstamps="/600FF70D/"/>
      <tstamp>60128D46</tstamp>
    </comp>
    <comp ref="F1">
      <value>500mA MAX</value>
      <footprint>Fuse:Fuse_2512_6332Metric</footprint>
      <datasheet>~</datasheet>
      <libsource lib="Device" part="Fuse" description="Fuse"/>
      <sheetpath names="/Gestion_batterie_lipo/" tstamps="/600FF70D/"/>
      <tstamp>60132B79</tstamp>
    </comp>
    <comp ref="D4">
      <value>MBR120</value>
      <footprint>Diode_SMD:D_SOD-123</footprint>
      <datasheet>http://www.onsemi.com/pub_link/Collateral/MBR340-D.PDF</datasheet>
      <libsource lib="Diode" part="MBR340" description="40V 3A Schottky Barrier Rectifier Diode, DO-201AD"/>
      <sheetpath names="/Gestion_batterie_lipo/" tstamps="/600FF70D/"/>
      <tstamp>60133790</tstamp>
    </comp>
    <comp ref="R4">
      <value>100</value>
      <footprint>Capacitor_SMD:C_0805_2012Metric</footprint>
      <datasheet>~</datasheet>
      <libsource lib="Device" part="R" description="Resistor"/>
      <sheetpath names="/Gestion_batterie_lipo/" tstamps="/600FF70D/"/>
      <tstamp>6013E3BB</tstamp>
    </comp>
    <comp ref="D3">
      <value>LEDRED</value>
      <footprint>Diode_SMD:D_0805_2012Metric</footprint>
      <datasheet>~</datasheet>
      <libsource lib="Device" part="LED" description="Light emitting diode"/>
      <sheetpath names="/Gestion_batterie_lipo/" tstamps="/600FF70D/"/>
      <tstamp>60140EFC</tstamp>
    </comp>
    <comp ref="D5">
      <value>LEDBLUE</value>
      <footprint>Diode_SMD:D_0805_2012Metric</footprint>
      <datasheet>~</datasheet>
      <libsource lib="Device" part="LED" description="Light emitting diode"/>
      <sheetpath names="/Gestion_batterie_lipo/" tstamps="/600FF70D/"/>
      <tstamp>6010687A</tstamp>
    </comp>
    <comp ref="R11">
      <value>1k</value>
      <footprint>Capacitor_SMD:C_0805_2012Metric</footprint>
      <datasheet>~</datasheet>
      <libsource lib="Device" part="R" description="Resistor"/>
      <sheetpath names="/Gestion_batterie_lipo/" tstamps="/600FF70D/"/>
      <tstamp>60107552</tstamp>
    </comp>
    <comp ref="SW2">
      <value>SW_ON/OFF</value>
      <footprint>Buttons_Switches_SMD:SW_SPST_PTS645</footprint>
      <datasheet>~</datasheet>
      <libsource lib="Switch" part="SW_Push" description="Push button switch, generic, two pins"/>
      <sheetpath names="/Gestion_batterie_lipo/" tstamps="/600FF70D/"/>
      <tstamp>6010DDD0</tstamp>
    </comp>
    <comp ref="R12">
      <value>2k</value>
      <footprint>Capacitor_SMD:C_0805_2012Metric</footprint>
      <datasheet>~</datasheet>
      <libsource lib="Device" part="R" description="Resistor"/>
      <sheetpath names="/Gestion_batterie_lipo/" tstamps="/600FF70D/"/>
      <tstamp>60126455</tstamp>
    </comp>
    <comp ref="C8">
      <value>10u</value>
      <footprint>Capacitor_SMD:C_0805_2012Metric</footprint>
      <datasheet>~</datasheet>
      <libsource lib="Device" part="C" description="Unpolarized capacitor"/>
      <sheetpath names="/Gestion_batterie_lipo/" tstamps="/600FF70D/"/>
      <tstamp>6013DE3D</tstamp>
    </comp>
    <comp ref="U3">
      <value>MCP73831-2-OT</value>
      <footprint>Package_TO_SOT_SMD:SOT-23-5</footprint>
      <datasheet>http://ww1.microchip.com/downloads/en/DeviceDoc/20001984g.pdf</datasheet>
      <libsource lib="Battery_Management" part="MCP73831-2-OT" description="Single cell, Li-Ion/Li-Po charge management controller, 4.20V, Tri-State Status Output, in SOT23-5 package"/>
      <sheetpath names="/Gestion_batterie_lipo/" tstamps="/600FF70D/"/>
      <tstamp>60140DEF</tstamp>
    </comp>
    <comp ref="R5">
      <value>470</value>
      <footprint>Capacitor_SMD:C_0805_2012Metric</footprint>
      <datasheet>~</datasheet>
      <libsource lib="Device" part="R" description="Resistor"/>
      <sheetpath names="/Gestion_batterie_lipo/" tstamps="/600FF70D/"/>
      <tstamp>60148DA7</tstamp>
    </comp>
    <comp ref="D1">
      <value>YELLOW</value>
      <footprint>Diode_SMD:D_0805_2012Metric</footprint>
      <datasheet>~</datasheet>
      <libsource lib="Device" part="LED" description="Light emitting diode"/>
      <sheetpath names="/Gestion_batterie_lipo/" tstamps="/600FF70D/"/>
      <tstamp>6014B1F2</tstamp>
    </comp>
    <comp ref="D2">
      <value>GREEN</value>
      <footprint>Diode_SMD:D_0805_2012Metric</footprint>
      <datasheet>~</datasheet>
      <libsource lib="Device" part="LED" description="Light emitting diode"/>
      <sheetpath names="/Gestion_batterie_lipo/" tstamps="/600FF70D/"/>
      <tstamp>60150078</tstamp>
    </comp>
    <comp ref="R8">
      <value>1k</value>
      <footprint>Capacitor_SMD:C_0805_2012Metric</footprint>
      <datasheet>~</datasheet>
      <libsource lib="Device" part="R" description="Resistor"/>
      <sheetpath names="/Gestion_batterie_lipo/" tstamps="/600FF70D/"/>
      <tstamp>60150AF6</tstamp>
    </comp>
    <comp ref="J7">
      <value>Conn_01x02_Female</value>
      <footprint>Connector_PinSocket_2.54mm:PinSocket_1x02_P2.54mm_Vertical</footprint>
      <datasheet>~</datasheet>
      <libsource lib="Connector" part="Conn_01x02_Female" description="Generic connector, single row, 01x02, script generated (kicad-library-utils/schlib/autogen/connector/)"/>
      <sheetpath names="/Gestion_batterie_lipo/" tstamps="/600FF70D/"/>
      <tstamp>60157118</tstamp>
    </comp>
    <comp ref="R9">
      <value>2k</value>
      <footprint>Capacitor_SMD:C_0805_2012Metric</footprint>
      <datasheet>~</datasheet>
      <libsource lib="Device" part="R" description="Resistor"/>
      <sheetpath names="/Gestion_batterie_lipo/" tstamps="/600FF70D/"/>
      <tstamp>6015C4B2</tstamp>
    </comp>
    <comp ref="R14">
      <value>10k</value>
      <footprint>Capacitor_SMD:C_0805_2012Metric</footprint>
      <datasheet>~</datasheet>
      <libsource lib="Device" part="R" description="Resistor"/>
      <sheetpath names="/Gestion_batterie_lipo/" tstamps="/600FF70D/"/>
      <tstamp>601954D4</tstamp>
    </comp>
    <comp ref="R13">
      <value>10k</value>
      <footprint>Capacitor_SMD:C_0805_2012Metric</footprint>
      <datasheet>~</datasheet>
      <libsource lib="Device" part="R" description="Resistor"/>
      <sheetpath names="/Gestion_batterie_lipo/" tstamps="/600FF70D/"/>
      <tstamp>601954DA</tstamp>
    </comp>
    <comp ref="C11">
      <value>163u</value>
      <footprint>Inductor_SMD:L_1206_3216Metric</footprint>
      <datasheet>~</datasheet>
      <libsource lib="Device" part="C" description="Unpolarized capacitor"/>
      <sheetpath names="/Gestion_batterie_lipo/" tstamps="/600FF70D/"/>
      <tstamp>601954E8</tstamp>
    </comp>
    <comp ref="J6">
      <value>Conn_microUSB</value>
      <footprint>Connector_PinSocket_2.54mm:PinSocket_1x02_P2.54mm_Vertical</footprint>
      <datasheet>~</datasheet>
      <libsource lib="Connector" part="Conn_01x02_Female" description="Generic connector, single row, 01x02, script generated (kicad-library-utils/schlib/autogen/connector/)"/>
      <sheetpath names="/Gestion_batterie_lipo/" tstamps="/600FF70D/"/>
      <tstamp>602330A5</tstamp>
    </comp>
    <comp ref="D6">
      <value>US1K</value>
      <footprint>Diode_SMD:D_SMA</footprint>
      <datasheet>https://www.diodes.com/assets/Datasheets/ds16008.pdf</datasheet>
      <libsource lib="Diode" part="US1K" description="800V, 1A, General Purpose Rectifier Diode, SMA(DO-214AC)"/>
      <sheetpath names="/Gestion_batterie_lipo/" tstamps="/600FF70D/"/>
      <tstamp>60BFDBA7</tstamp>
    </comp>
  </components>
  <libparts>
    <libpart lib="Battery_Management" part="MCP73832-2-OT">
      <aliases>
        <alias>MCP73832-5-OT</alias>
        <alias>MCP73832-4-OT</alias>
        <alias>MCP73832-3-OT</alias>
        <alias>MCP73831-2-OT</alias>
        <alias>MCP73831-5-OT</alias>
        <alias>MCP73831-4-OT</alias>
        <alias>MCP73831-3-OT</alias>
      </aliases>
      <description>Single cell, Li-Ion/Li-Po charge management controller, 4.20V, Open-Drain Status Output, in SOT23-5 package</description>
      <docs>http://ww1.microchip.com/downloads/en/DeviceDoc/20001984g.pdf</docs>
      <footprints>
        <fp>SOT?23*</fp>
      </footprints>
      <fields>
        <field name="Reference">U</field>
        <field name="Value">MCP73832-2-OT</field>
        <field name="Footprint">Package_TO_SOT_SMD:SOT-23-5</field>
      </fields>
      <pins>
        <pin num="1" name="STAT" type="output"/>
        <pin num="2" name="VSS" type="power_in"/>
        <pin num="3" name="VBAT" type="power_out"/>
        <pin num="4" name="VDD" type="power_in"/>
        <pin num="5" name="PROG" type="input"/>
      </pins>
    </libpart>
    <libpart lib="Connector" part="Conn_01x02_Female">
      <description>Generic connector, single row, 01x02, script generated (kicad-library-utils/schlib/autogen/connector/)</description>
      <docs>~</docs>
      <footprints>
        <fp>Connector*:*_1x??_*</fp>
      </footprints>
      <fields>
        <field name="Reference">J</field>
        <field name="Value">Conn_01x02_Female</field>
      </fields>
      <pins>
        <pin num="1" name="Pin_1" type="passive"/>
        <pin num="2" name="Pin_2" type="passive"/>
      </pins>
    </libpart>
    <libpart lib="Connector" part="Conn_01x04_Female">
      <description>Generic connector, single row, 01x04, script generated (kicad-library-utils/schlib/autogen/connector/)</description>
      <docs>~</docs>
      <footprints>
        <fp>Connector*:*_1x??_*</fp>
      </footprints>
      <fields>
        <field name="Reference">J</field>
        <field name="Value">Conn_01x04_Female</field>
      </fields>
      <pins>
        <pin num="1" name="Pin_1" type="passive"/>
        <pin num="2" name="Pin_2" type="passive"/>
        <pin num="3" name="Pin_3" type="passive"/>
        <pin num="4" name="Pin_4" type="passive"/>
      </pins>
    </libpart>
    <libpart lib="Connector" part="Conn_01x06_Female">
      <description>Generic connector, single row, 01x06, script generated (kicad-library-utils/schlib/autogen/connector/)</description>
      <docs>~</docs>
      <footprints>
        <fp>Connector*:*_1x??_*</fp>
      </footprints>
      <fields>
        <field name="Reference">J</field>
        <field name="Value">Conn_01x06_Female</field>
      </fields>
      <pins>
        <pin num="1" name="Pin_1" type="passive"/>
        <pin num="2" name="Pin_2" type="passive"/>
        <pin num="3" name="Pin_3" type="passive"/>
        <pin num="4" name="Pin_4" type="passive"/>
        <pin num="5" name="Pin_5" type="passive"/>
        <pin num="6" name="Pin_6" type="passive"/>
      </pins>
    </libpart>
    <libpart lib="Connector_Generic" part="Conn_02x02_Counter_Clockwise">
      <description>Generic connector, double row, 02x02, counter clockwise pin numbering scheme (similar to DIP packge numbering), script generated (kicad-library-utils/schlib/autogen/connector/)</description>
      <docs>~</docs>
      <footprints>
        <fp>Connector*:*_2x??_*</fp>
      </footprints>
      <fields>
        <field name="Reference">J</field>
        <field name="Value">Conn_02x02_Counter_Clockwise</field>
      </fields>
      <pins>
        <pin num="1" name="Pin_1" type="passive"/>
        <pin num="2" name="Pin_2" type="passive"/>
        <pin num="3" name="Pin_3" type="passive"/>
        <pin num="4" name="Pin_4" type="passive"/>
      </pins>
    </libpart>
    <libpart lib="Device" part="C">
      <description>Unpolarized capacitor</description>
      <docs>~</docs>
      <footprints>
        <fp>C_*</fp>
      </footprints>
      <fields>
        <field name="Reference">C</field>
        <field name="Value">C</field>
      </fields>
      <pins>
        <pin num="1" name="~" type="passive"/>
        <pin num="2" name="~" type="passive"/>
      </pins>
    </libpart>
    <libpart lib="Device" part="CP">
      <description>Polarized capacitor</description>
      <docs>~</docs>
      <footprints>
        <fp>CP_*</fp>
      </footprints>
      <fields>
        <field name="Reference">C</field>
        <field name="Value">CP</field>
      </fields>
      <pins>
        <pin num="1" name="~" type="passive"/>
        <pin num="2" name="~" type="passive"/>
      </pins>
    </libpart>
    <libpart lib="Device" part="Crystal">
      <description>Two pin crystal</description>
      <docs>~</docs>
      <footprints>
        <fp>Crystal*</fp>
      </footprints>
      <fields>
        <field name="Reference">Y</field>
        <field name="Value">Crystal</field>
      </fields>
      <pins>
        <pin num="1" name="1" type="passive"/>
        <pin num="2" name="2" type="passive"/>
      </pins>
    </libpart>
    <libpart lib="Device" part="Fuse">
      <description>Fuse</description>
      <docs>~</docs>
      <footprints>
        <fp>*Fuse*</fp>
      </footprints>
      <fields>
        <field name="Reference">F</field>
        <field name="Value">Fuse</field>
      </fields>
      <pins>
        <pin num="1" name="~" type="passive"/>
        <pin num="2" name="~" type="passive"/>
      </pins>
    </libpart>
    <libpart lib="Device" part="LED">
      <description>Light emitting diode</description>
      <docs>~</docs>
      <footprints>
        <fp>LED*</fp>
        <fp>LED_SMD:*</fp>
        <fp>LED_THT:*</fp>
      </footprints>
      <fields>
        <field name="Reference">D</field>
        <field name="Value">LED</field>
      </fields>
      <pins>
        <pin num="1" name="K" type="passive"/>
        <pin num="2" name="A" type="passive"/>
      </pins>
    </libpart>
    <libpart lib="Device" part="R">
      <description>Resistor</description>
      <docs>~</docs>
      <footprints>
        <fp>R_*</fp>
      </footprints>
      <fields>
        <field name="Reference">R</field>
        <field name="Value">R</field>
      </fields>
      <pins>
        <pin num="1" name="~" type="passive"/>
        <pin num="2" name="~" type="passive"/>
      </pins>
    </libpart>
    <libpart lib="Diode" part="1N5820">
      <aliases>
        <alias>1N5821</alias>
        <alias>1N5822</alias>
        <alias>MBR340</alias>
      </aliases>
      <description>20V 3A Schottky Barrier Rectifier Diode, DO-201AD</description>
      <docs>http://www.vishay.com/docs/88526/1n5820.pdf</docs>
      <footprints>
        <fp>D*DO?201AD*</fp>
      </footprints>
      <fields>
        <field name="Reference">D</field>
        <field name="Value">1N5820</field>
        <field name="Footprint">Diode_THT:D_DO-201AD_P15.24mm_Horizontal</field>
      </fields>
      <pins>
        <pin num="1" name="K" type="passive"/>
        <pin num="2" name="A" type="passive"/>
      </pins>
    </libpart>
    <libpart lib="Diode" part="MRA4003T3G">
      <aliases>
        <alias>MRA4004T3G</alias>
        <alias>MRA4005T3G</alias>
        <alias>MRA4006T3G</alias>
        <alias>MRA4007T3G</alias>
        <alias>NRVA4003T3G</alias>
        <alias>NRVA4004T3G</alias>
        <alias>NRVA4005T3G</alias>
        <alias>NRVA4006T3G</alias>
        <alias>NRVA4007T3G</alias>
        <alias>US1A</alias>
        <alias>US1B</alias>
        <alias>US1D</alias>
        <alias>US1G</alias>
        <alias>US1J</alias>
        <alias>US1K</alias>
        <alias>US1M</alias>
        <alias>US2AA</alias>
        <alias>US2BA</alias>
        <alias>US2DA</alias>
        <alias>US2FA</alias>
        <alias>US2GA</alias>
        <alias>US2JA</alias>
        <alias>US2KA</alias>
        <alias>US2MA</alias>
      </aliases>
      <description>300V, 1A, General Purpose Rectifier Diode, SMA(DO-214AC)</description>
      <docs>http://www.onsemi.com/pub_link/Collateral/MRA4003T3-D.PDF</docs>
      <footprints>
        <fp>D*SMA*</fp>
      </footprints>
      <fields>
        <field name="Reference">D</field>
        <field name="Value">MRA4003T3G</field>
        <field name="Footprint">Diode_SMD:D_SMA</field>
      </fields>
      <pins>
        <pin num="1" name="K" type="passive"/>
        <pin num="2" name="A" type="passive"/>
      </pins>
    </libpart>
    <libpart lib="MCU_Microchip_ATmega" part="ATmega48PV-10AU">
      <aliases>
        <alias>ATmega48P-20AU</alias>
        <alias>ATmega48A-AU</alias>
        <alias>ATmega48PA-AU</alias>
        <alias>ATmega88PV-10AU</alias>
        <alias>ATmega88P-20AU</alias>
        <alias>ATmega88A-AU</alias>
        <alias>ATmega88PA-AU</alias>
        <alias>ATmega168PV-10AU</alias>
        <alias>ATmega168P-20AU</alias>
        <alias>ATmega168A-AU</alias>
        <alias>ATmega168PA-AU</alias>
        <alias>ATmega328-AU</alias>
        <alias>ATmega328P-AU</alias>
      </aliases>
      <description>10MHz, 4kB Flash, 512B SRAM, 256B EEPROM, TQFP-32</description>
      <docs>http://ww1.microchip.com/downloads/en/DeviceDoc/Atmel-8025-8-bit-AVR-Microcontroller-ATmega48P-88P-168P_Datasheet.pdf</docs>
      <footprints>
        <fp>TQFP*7x7mm*P0.8mm*</fp>
      </footprints>
      <fields>
        <field name="Reference">U</field>
        <field name="Value">ATmega48PV-10AU</field>
        <field name="Footprint">Package_QFP:TQFP-32_7x7mm_P0.8mm</field>
      </fields>
      <pins>
        <pin num="1" name="PD3" type="BiDi"/>
        <pin num="2" name="PD4" type="BiDi"/>
        <pin num="3" name="GND" type="passive"/>
        <pin num="4" name="VCC" type="power_in"/>
        <pin num="5" name="GND" type="passive"/>
        <pin num="6" name="VCC" type="power_in"/>
        <pin num="7" name="XTAL1/PB6" type="BiDi"/>
        <pin num="8" name="XTAL2/PB7" type="BiDi"/>
        <pin num="9" name="PD5" type="BiDi"/>
        <pin num="10" name="PD6" type="BiDi"/>
        <pin num="11" name="PD7" type="BiDi"/>
        <pin num="12" name="PB0" type="BiDi"/>
        <pin num="13" name="PB1" type="BiDi"/>
        <pin num="14" name="PB2" type="BiDi"/>
        <pin num="15" name="PB3" type="BiDi"/>
        <pin num="16" name="PB4" type="BiDi"/>
        <pin num="17" name="PB5" type="BiDi"/>
        <pin num="18" name="AVCC" type="power_in"/>
        <pin num="19" name="ADC6" type="input"/>
        <pin num="20" name="AREF" type="passive"/>
        <pin num="21" name="GND" type="passive"/>
        <pin num="22" name="ADC7" type="input"/>
        <pin num="23" name="PC0" type="BiDi"/>
        <pin num="24" name="PC1" type="BiDi"/>
        <pin num="25" name="PC2" type="BiDi"/>
        <pin num="26" name="PC3" type="BiDi"/>
        <pin num="27" name="PC4" type="BiDi"/>
        <pin num="28" name="PC5" type="BiDi"/>
        <pin num="29" name="~RESET~/PC6" type="BiDi"/>
        <pin num="30" name="PD0" type="BiDi"/>
        <pin num="31" name="PD1" type="BiDi"/>
        <pin num="32" name="PD2" type="BiDi"/>
      </pins>
    </libpart>
    <libpart lib="Regulator_Switching" part="TPS61090">
      <aliases>
        <alias>TPS61091</alias>
        <alias>TPS61092</alias>
      </aliases>
      <description>2A Step-Up DC-DC Converter for Batteries, Isw up to 2500mA, Adjustable output voltage, QFN-16</description>
      <docs>http://www.ti.com/lit/ds/symlink/tps61090.pdf</docs>
      <footprints>
        <fp>Texas*S?PVQFN?N*</fp>
      </footprints>
      <fields>
        <field name="Reference">U</field>
        <field name="Value">TPS61090</field>
        <field name="Footprint">Package_DFN_QFN:Texas_S-PVQFN-N16_EP2.7x2.7mm_ThermalVias</field>
      </fields>
      <pins>
        <pin num="1" name="VOUT" type="power_out"/>
        <pin num="2" name="NC" type="NotConnected"/>
        <pin num="3" name="SW" type="passive"/>
        <pin num="4" name="SW" type="passive"/>
        <pin num="5" name="PGND" type="power_in"/>
        <pin num="6" name="PGND" type="power_in"/>
        <pin num="7" name="PGND" type="power_in"/>
        <pin num="8" name="VBAT" type="power_in"/>
        <pin num="9" name="LBI" type="input"/>
        <pin num="10" name="SYNC" type="input"/>
        <pin num="11" name="EN" type="input"/>
        <pin num="12" name="LBO" type="openCol"/>
        <pin num="13" name="GND" type="power_in"/>
        <pin num="14" name="FB" type="input"/>
        <pin num="15" name="VOUT" type="passive"/>
        <pin num="16" name="VOUT" type="passive"/>
        <pin num="17" name="PAD" type="power_in"/>
      </pins>
    </libpart>
    <libpart lib="Switch" part="SW_Push">
      <description>Push button switch, generic, two pins</description>
      <docs>~</docs>
      <fields>
        <field name="Reference">SW</field>
        <field name="Value">SW_Push</field>
      </fields>
      <pins>
        <pin num="1" name="1" type="passive"/>
        <pin num="2" name="2" type="passive"/>
      </pins>
    </libpart>
    <libpart lib="Transistor_BJT" part="DTA143Z">
      <description>Digital PNP Transistor, 4k7/47k, SOT-23</description>
      <footprints>
        <fp>SOT?23*</fp>
        <fp>SC?59*</fp>
      </footprints>
      <fields>
        <field name="Reference">Q</field>
        <field name="Value">DTA143Z</field>
      </fields>
      <pins>
        <pin num="1" name="B" type="input"/>
        <pin num="2" name="E" type="passive"/>
        <pin num="3" name="C" type="passive"/>
      </pins>
    </libpart>
    <libpart lib="Transistor_FET" part="BUK9M53-60EX">
      <aliases>
        <alias>BUK9M85-60EX</alias>
        <alias>BUK7M45-40EX</alias>
        <alias>BUK9M52-40EX</alias>
        <alias>BUK9M42-60EX</alias>
        <alias>BUK9M14-40EX</alias>
        <alias>BUK9M24-60EX</alias>
        <alias>BUK9M10-30EX</alias>
        <alias>BUK9M11-40EX</alias>
        <alias>BUK7M10-40EX</alias>
        <alias>BUK7M15-60EX</alias>
        <alias>BUK7M19-60EX</alias>
        <alias>BUK9M9R1-40EX</alias>
        <alias>BUK9M6R6-30EX</alias>
        <alias>BUK9M12-60EX</alias>
        <alias>BUK7M9R9-60EX</alias>
        <alias>BUK7M42-60EX</alias>
        <alias>BUK9M156-100EX</alias>
        <alias>BUK7M33-60EX</alias>
        <alias>BUK7M21-40EX</alias>
        <alias>BUK9M43-100EX</alias>
        <alias>BUK7M12-60EX</alias>
        <alias>BUK9M15-60EX</alias>
        <alias>BUK7M27-80EX</alias>
        <alias>BUK9M19-60EX</alias>
        <alias>BUK9M5R2-30EX</alias>
        <alias>BUK7M17-80EX</alias>
        <alias>BUK9M7R2-40EX</alias>
        <alias>BUK9M34-100EX</alias>
        <alias>BUK9M23-80EX</alias>
        <alias>BUK7M67-60EX</alias>
        <alias>BUK9M24-40EX</alias>
        <alias>BUK9M120-100EX</alias>
        <alias>BUK9M17-30EX</alias>
        <alias>BUK7M12-40EX</alias>
        <alias>BUK9M28-80EX</alias>
        <alias>BUK7M8R0-40EX</alias>
        <alias>BUK9M35-80EX</alias>
        <alias>BUK7M6R3-40EX</alias>
        <alias>BUK7M22-80EX</alias>
      </aliases>
      <description>17A Id, 60V Vds, N-Channel TrenchMOS MOSFET, 46mOhm Ron, 6nC Qqd, -55 to 175 °C, LFPAK33</description>
      <docs>https://assets.nexperia.com/documents/data-sheet/BUK9M53-60E.pdf</docs>
      <footprints>
        <fp>LFPAK33*</fp>
      </footprints>
      <fields>
        <field name="Reference">Q</field>
        <field name="Value">BUK9M53-60EX</field>
        <field name="Footprint">Package_TO_SOT_SMD:LFPAK33</field>
      </fields>
      <pins>
        <pin num="1" name="G" type="passive"/>
        <pin num="2" name="S" type="passive"/>
        <pin num="3" name="D" type="passive"/>
      </pins>
    </libpart>
    <libpart lib="pspice" part="INDUCTOR">
      <description>Inductor symbol for simulation only</description>
      <docs>~</docs>
      <fields>
        <field name="Reference">L</field>
        <field name="Value">INDUCTOR</field>
      </fields>
      <pins>
        <pin num="1" name="1" type="input"/>
        <pin num="2" name="2" type="input"/>
      </pins>
    </libpart>
  </libparts>
  <libraries>
    <library logical="Battery_Management">
      <uri>D:\Personnel\Hiver 2021\projet personnel\Kikad_project\Thermometre_IR/librairie/Kicad-librairie/kicad-symbols-5.1.7/Battery_Management.lib</uri>
    </library>
    <library logical="Connector">
      <uri>D:\Personnel\Hiver 2021\projet personnel\Kikad_project\Thermometre_IR/librairie/Kicad-librairie/kicad-symbols-5.1.7/Connector.lib</uri>
    </library>
    <library logical="Connector_Generic">
      <uri>D:\Personnel\Hiver 2021\projet personnel\Kikad_project\Thermometre_IR/librairie/Kicad-librairie/kicad-symbols-5.1.7/Connector_Generic.lib</uri>
    </library>
    <library logical="Device">
      <uri>D:\Personnel\Hiver 2021\projet personnel\Kikad_project\Thermometre_IR/librairie/Kicad-librairie/kicad-symbols-5.1.7/Device.lib</uri>
    </library>
    <library logical="Diode">
      <uri>D:\Personnel\Hiver 2021\projet personnel\Kikad_project\Thermometre_IR/librairie/Kicad-librairie/kicad-symbols-5.1.7/Diode.lib</uri>
    </library>
    <library logical="MCU_Microchip_ATmega">
      <uri>D:\Personnel\Hiver 2021\projet personnel\Kikad_project\Thermometre_IR/librairie/Kicad-librairie/kicad-symbols-5.1.7/MCU_Microchip_ATmega.lib</uri>
    </library>
    <library logical="Regulator_Switching">
      <uri>D:\Personnel\Hiver 2021\projet personnel\Kikad_project\Thermometre_IR/librairie/Kicad-librairie/kicad-symbols-5.1.7/Regulator_Switching.lib</uri>
    </library>
    <library logical="Switch">
      <uri>D:\Personnel\Hiver 2021\projet personnel\Kikad_project\Thermometre_IR/librairie/Kicad-librairie/kicad-symbols-5.1.7/Switch.lib</uri>
    </library>
    <library logical="Transistor_BJT">
      <uri>D:\Personnel\Hiver 2021\projet personnel\Kikad_project\Thermometre_IR/librairie/Kicad-librairie/kicad-symbols-5.1.7/Transistor_BJT.lib</uri>
    </library>
    <library logical="Transistor_FET">
      <uri>D:\Personnel\Hiver 2021\projet personnel\Kikad_project\Thermometre_IR/librairie/Kicad-librairie/kicad-symbols-5.1.7/Transistor_FET.lib</uri>
    </library>
    <library logical="pspice">
      <uri>D:\Personnel\Hiver 2021\projet personnel\Kikad_project\Thermometre_IR/librairie/Kicad-librairie/kicad-symbols-5.1.7/pspice.lib</uri>
    </library>
  </libraries>
  <nets>
    <net code="1" name="Net-(R1-Pad2)">
      <node ref="SW1" pin="1"/>
      <node ref="R1" pin="2"/>
    </net>
    <net code="2" name="GND">
      <node ref="C12" pin="2"/>
      <node ref="C9" pin="2"/>
      <node ref="C2" pin="2"/>
      <node ref="U1" pin="3"/>
      <node ref="J5" pin="2"/>
      <node ref="C7" pin="2"/>
      <node ref="C10" pin="2"/>
      <node ref="J4" pin="6"/>
      <node ref="D3" pin="1"/>
      <node ref="U1" pin="21"/>
      <node ref="C1" pin="2"/>
      <node ref="R7" pin="2"/>
      <node ref="J2" pin="1"/>
      <node ref="U1" pin="5"/>
      <node ref="C11" pin="2"/>
      <node ref="J6" pin="1"/>
      <node ref="U3" pin="2"/>
      <node ref="J1" pin="4"/>
      <node ref="C8" pin="2"/>
      <node ref="R9" pin="1"/>
      <node ref="R14" pin="2"/>
      <node ref="C5" pin="2"/>
      <node ref="C3" pin="2"/>
      <node ref="C4" pin="2"/>
      <node ref="Q2" pin="2"/>
      <node ref="U2" pin="7"/>
      <node ref="U2" pin="6"/>
      <node ref="U2" pin="5"/>
      <node ref="U2" pin="17"/>
      <node ref="U2" pin="13"/>
      <node ref="D2" pin="1"/>
      <node ref="U2" pin="10"/>
      <node ref="J7" pin="2"/>
      <node ref="R3" pin="2"/>
      <node ref="R11" pin="2"/>
      <node ref="C6" pin="2"/>
    </net>
    <net code="3" name="+5V">
      <node ref="R1" pin="1"/>
      <node ref="D4" pin="1"/>
      <node ref="J2" pin="2"/>
      <node ref="R16" pin="1"/>
      <node ref="R15" pin="1"/>
      <node ref="C12" pin="1"/>
      <node ref="U1" pin="18"/>
      <node ref="C4" pin="1"/>
      <node ref="C5" pin="1"/>
      <node ref="C3" pin="1"/>
      <node ref="J1" pin="3"/>
      <node ref="J3" pin="1"/>
      <node ref="J4" pin="1"/>
      <node ref="U1" pin="4"/>
      <node ref="U1" pin="6"/>
    </net>
    <net code="4" name="/SDA">
      <node ref="J1" pin="2"/>
      <node ref="R16" pin="2"/>
      <node ref="U1" pin="27"/>
      <node ref="J2" pin="4"/>
    </net>
    <net code="5" name="/SCL">
      <node ref="R15" pin="2"/>
      <node ref="J2" pin="3"/>
      <node ref="U1" pin="28"/>
      <node ref="J1" pin="1"/>
    </net>
    <net code="6" name="/D2_digital_io">
      <node ref="Q2" pin="1"/>
      <node ref="U1" pin="32"/>
    </net>
    <net code="7" name="/A0">
      <node ref="R12" pin="2"/>
      <node ref="U1" pin="23"/>
    </net>
    <net code="8" name="/A1">
      <node ref="R13" pin="2"/>
      <node ref="U1" pin="24"/>
      <node ref="R14" pin="1"/>
    </net>
    <net code="9" name="Net-(J3-Pad2)">
      <node ref="Q2" pin="3"/>
      <node ref="J3" pin="2"/>
    </net>
    <net code="10" name="/D4">
      <node ref="U1" pin="2"/>
      <node ref="J5" pin="1"/>
    </net>
    <net code="11" name="/A2">
      <node ref="U1" pin="25"/>
    </net>
    <net code="12" name="/A3">
      <node ref="U1" pin="26"/>
    </net>
    <net code="13" name="/D3">
      <node ref="U1" pin="1"/>
    </net>
    <net code="14" name="Net-(U1-Pad19)">
      <node ref="U1" pin="19"/>
    </net>
    <net code="15" name="Net-(U1-Pad20)">
      <node ref="U1" pin="20"/>
    </net>
    <net code="16" name="Net-(U1-Pad22)">
      <node ref="U1" pin="22"/>
    </net>
    <net code="17" name="Net-(U1-Pad30)">
      <node ref="U1" pin="30"/>
    </net>
    <net code="18" name="Net-(U1-Pad31)">
      <node ref="U1" pin="31"/>
    </net>
    <net code="19" name="/XTAL1">
      <node ref="8MHz1" pin="1"/>
      <node ref="C1" pin="1"/>
      <node ref="U1" pin="7"/>
    </net>
    <net code="20" name="/XTAL2">
      <node ref="U1" pin="8"/>
      <node ref="8MHz1" pin="2"/>
      <node ref="C2" pin="1"/>
    </net>
    <net code="21" name="Net-(U1-Pad9)">
      <node ref="U1" pin="9"/>
    </net>
    <net code="22" name="/Reset">
      <node ref="SW1" pin="2"/>
      <node ref="J4" pin="2"/>
      <node ref="U1" pin="29"/>
    </net>
    <net code="23" name="/Mosi">
      <node ref="U1" pin="15"/>
      <node ref="J4" pin="3"/>
    </net>
    <net code="24" name="/Miso">
      <node ref="U1" pin="16"/>
      <node ref="J4" pin="4"/>
    </net>
    <net code="25" name="/SCK">
      <node ref="U1" pin="17"/>
      <node ref="J4" pin="5"/>
    </net>
    <net code="26" name="Net-(U1-Pad10)">
      <node ref="U1" pin="10"/>
    </net>
    <net code="27" name="Net-(U1-Pad11)">
      <node ref="U1" pin="11"/>
    </net>
    <net code="28" name="Net-(U1-Pad12)">
      <node ref="U1" pin="12"/>
    </net>
    <net code="29" name="Net-(U1-Pad13)">
      <node ref="U1" pin="13"/>
    </net>
    <net code="30" name="Net-(U1-Pad14)">
      <node ref="U1" pin="14"/>
    </net>
    <net code="31" name="Net-(D1-Pad1)">
      <node ref="R5" pin="2"/>
      <node ref="D1" pin="1"/>
    </net>
    <net code="32" name="Net-(R5-Pad1)">
      <node ref="R5" pin="1"/>
      <node ref="R8" pin="2"/>
      <node ref="U3" pin="1"/>
    </net>
    <net code="33" name="Net-(D2-Pad2)">
      <node ref="R8" pin="1"/>
      <node ref="D2" pin="2"/>
    </net>
    <net code="34" name="Net-(D5-Pad1)">
      <node ref="D5" pin="1"/>
      <node ref="R11" pin="1"/>
    </net>
    <net code="35" name="Net-(R4-Pad2)">
      <node ref="SW2" pin="1"/>
      <node ref="R4" pin="2"/>
    </net>
    <net code="36" name="Net-(D4-Pad2)">
      <node ref="F1" pin="1"/>
      <node ref="D4" pin="2"/>
      <node ref="D5" pin="2"/>
    </net>
    <net code="37" name="+BATT">
      <node ref="U2" pin="8"/>
      <node ref="L1" pin="1"/>
      <node ref="C7" pin="1"/>
      <node ref="Q1" pin="2"/>
      <node ref="R2" pin="1"/>
      <node ref="R4" pin="1"/>
      <node ref="U3" pin="3"/>
      <node ref="D6" pin="1"/>
      <node ref="R12" pin="1"/>
      <node ref="C6" pin="1"/>
    </net>
    <net code="38" name="Net-(R9-Pad2)">
      <node ref="U3" pin="5"/>
      <node ref="R9" pin="2"/>
    </net>
    <net code="39" name="Net-(C8-Pad1)">
      <node ref="U3" pin="4"/>
      <node ref="C8" pin="1"/>
      <node ref="D1" pin="2"/>
      <node ref="J6" pin="2"/>
    </net>
    <net code="40" name="Net-(D6-Pad2)">
      <node ref="D6" pin="2"/>
      <node ref="J7" pin="1"/>
    </net>
    <net code="41" name="/Gestion_batterie_lipo/EN">
      <node ref="R13" pin="1"/>
      <node ref="SW2" pin="2"/>
      <node ref="C11" pin="1"/>
      <node ref="U2" pin="11"/>
    </net>
    <net code="42" name="Net-(R2-Pad2)">
      <node ref="R2" pin="2"/>
      <node ref="R3" pin="1"/>
      <node ref="U2" pin="9"/>
    </net>
    <net code="43" name="Net-(U2-Pad2)">
      <node ref="U2" pin="2"/>
    </net>
    <net code="44" name="Net-(C10-Pad1)">
      <node ref="F1" pin="2"/>
      <node ref="C10" pin="1"/>
      <node ref="R6" pin="1"/>
      <node ref="U2" pin="1"/>
      <node ref="U2" pin="15"/>
      <node ref="U2" pin="16"/>
      <node ref="C9" pin="1"/>
    </net>
    <net code="45" name="Net-(R6-Pad2)">
      <node ref="R7" pin="1"/>
      <node ref="U2" pin="14"/>
      <node ref="R6" pin="2"/>
    </net>
    <net code="46" name="Net-(L1-Pad2)">
      <node ref="U2" pin="3"/>
      <node ref="U2" pin="4"/>
      <node ref="L1" pin="2"/>
    </net>
    <net code="47" name="Net-(Q1-Pad1)">
      <node ref="U2" pin="12"/>
      <node ref="Q1" pin="1"/>
    </net>
    <net code="48" name="Net-(D3-Pad2)">
      <node ref="D3" pin="2"/>
      <node ref="R10" pin="2"/>
    </net>
    <net code="49" name="Net-(Q1-Pad3)">
      <node ref="R10" pin="1"/>
      <node ref="Q1" pin="3"/>
    </net>
  </nets>
</export>
